Workbook

Sheet Rules
A1: MY TRADING RULES
A3: The idea | B3: Price runs hard into a zone where it turned 3+ times before. I wait for it to turn again, then trade the turn.
A4: Zones | B4: Use the Linto Key Zones indicator (1H zones).
A5: Step 1 | B5: Price runs fast into a zone.
A6: Step 2 | B6: On the 1-minute chart, mark the last swing of that run (last higher low if it ran up, last lower high if it ran down).
A7: Step 3 | B7: CHoCH: wait for a candle to CLOSE beyond that swing point.
A8: Entry | B8: Market order as soon as that CHoCH candle closes. No waiting for a retest.
A9: Stop | B9: Just past the top (or bottom) of the run.
A10: Target | B10: 1.5 times my stop. The Calculator tab gives me the price.
A11: Lot size | B11: Always from the Calculator tab. Never guess.
A12: Risk | B12: 0.5% of my account per trade ($50 on $10,000).
A13: Limits | B13: Max 2 trades a day. Only one trade open at a time.
A14: When | B14: 08:00–08:45 and 14:30–15:15 (Nigeria time). From 26 Oct: 09:00 and 15:30 (clock change).
... A18: From 19 Oct | B18: Demo trades with the CHoCH entry. Log 50 trades, then the Summary tab tells me if it works.

Sheet Calculator
A1: LOT SIZE CALCULATOR
A2: Type in the blue boxes. Everything else works itself out.
A4: Pair | B4: XAUUSD
A5: Entry price | B5: 2650
A6: Stop loss price | B6: 2647
A8: Buy or Sell | B8: =IF(OR(B5="",B6="",B5=B6),"",IF(B6<B5,"BUY","SELL")) -> BUY
A9: Stop size (pips / points) | B9: =IFERROR(ROUND(ABS(B5-B6)/VLOOKUP(B4,$D$19:$H$25,2,FALSE()),1),"") -> 30
A10: Max risk allowed ($) | B10: =B27 -> 50
A11: LOT SIZE | B11: =IFERROR(IF(B10/(B9*VLOOKUP(B4,$D$19:$H$25,3,FALSE()))<VLOOKUP(B4,$D$19:$H$25,4,FALSE()),"SKIP",ROUNDDOWN(B10/(B9*VLOOKUP(B4,$D$19:$H$25,3,FALSE()))/VLOOKUP(B4,$D$19:$H$25,5,FALSE())+0.000001,0)*VLOOKUP(B4,$D$19:$H$25,5,FALSE())),"") -> 0.16 | C11: lots
A12: Take profit price (1.5R) | B12: =IF(B8="","",IF(B8="BUY",B5+1.5*(B5-B6),B5-1.5*(B6-B5))) -> 2654.5
A13: Profit if target hit ($) | B13: =IFERROR(B11*B9*1.5*VLOOKUP(B4,$D$19:$H$25,3,FALSE()),"") -> 72
A14: Actual risk with this lot ($) | B14: =IFERROR(B11*B9*VLOOKUP(B4,$D$19:$H$25,3,FALSE()),"") -> 48
A16: If LOT SIZE says SKIP, your stop is too big for the smallest lot. Skip the trade.
A17: Lots are rounded DOWN to what MT5 allows, so actual risk can be a bit under $50. | D17: PAIR SETTINGS (from your Deriv MT5 Standard account)
D18: Pair | E18: 1 pip / point = | F18: $ per pip, 1 lot | G18: Min lot | H18: Lot step | I18: Notes
D19: XAUUSD | E19: 0.1 | F19: 10 | G19: 0.01 | H19: 0.01 | I19: Contract 100 oz: 0.10 move = $10 per lot
D20: EURUSD | E20: 0.0001 | F20: 10 | G20: 0.01 | H20: 0.01 | I20: Contract 100,000: 0.0001 move = $10 per lot
D21: GBPUSD | E21: 0.0001 | F21: 10 | G21: 0.01 | H21: 0.01 | I21: Contract 100,000: 0.0001 move = $10 per lot
D22: GER40 | E22: 1 | F22: 1.15 | G22: 0.1 | H22: 0.1 | I22: Paid in EUR: 1 point = 1 EUR. Set this to the current EURUSD price (update weekly)
D23: US500 | E23: 1 | F23: 1 | G23: 0.1 | H23: 0.1 | I23: Contract 1: 1 point = $1 per lot
D24: US100 | E24: 1 | F24: 1 | G24: 0.1 | H24: 0.1 | I24: Extra. Contract 1: 1 point = $1 per lot
D25: BTCUSD | E25: 1 | F25: 1 | G25: 0.01 | H25: 0.01 | I25: Extra. Contract 1 BTC: $1 move = $1 per lot
A26: Account
A27: Risk per trade ($) | B27: ='Trade Log'!$M$2*'Trade Log'!$M$3 -> 50 | D27: Checked on Deriv MT5 Standard, 8 Oct 2026. Your MT5 names: US Tech 100 = US100, US SP 500 = US500, Germany 40 = GER40.
A28: (0.5% of starting balance. Change it on the Trade Log tab.)

Sheet Compare
A1: WATCH WEEK: WHICH ENTRY WORKS BEST?
A2: 9–16 Oct, no trades. Each time price hits a zone, write what happened with each method. Same stop for all (past the run). Target = 1.5R.
B4: Rejection candle | C4: Engulfing candle | D4: CHoCH
A5: Signals | B5: =COUNTIF(B13:B112,"Target")+COUNTIF(B13:B112,"Stop") -> 0 | C5: =COUNTIF(C13:C112,"Target")+COUNTIF(C13:C112,"Stop") -> 0 | D5: =COUNTIF(D13:D112,"Target")+COUNTIF(D13:D112,"Stop") -> 0
A6: Hit target | B6: =COUNTIF(B13:B112,"Target") -> 0 | C6: =COUNTIF(C13:C112,"Target") -> 0 | D6: =COUNTIF(D13:D112,"Target") -> 0
A7: Hit stop | B7: =COUNTIF(B13:B112,"Stop") -> 0 | C7: =COUNTIF(C13:C112,"Stop") -> 0 | D7: =COUNTIF(D13:D112,"Stop") -> 0
A8: Win rate | B8: =IFERROR(B6/B5,0) -> 0 | C8: =IFERROR(C6/C5,0) -> 0 | D8: =IFERROR(D6/D5,0) -> 0
A9: Total R | B9: =B6*1.5-B7 -> 0 | C9: =C6*1.5-C7 -> 0 | D9: =D6*1.5-D7 -> 0
A10: Best method = highest Total R. With only one week of setups, treat it as a hint, not proof.
A12: Date / Pair | B12: Rejection candle | C12: Engulfing candle | D12: CHoCH | E12: Notes

Sheet Trade Log
A1: TRADE LOG
L2: Starting balance | M2: 10000
A3: Blue = you type. Buy/Sell, Target, Result, R and $ fill in by themselves. | L3: Risk per trade | M3: 0.005
A4: Example: Gold, entry 2650, stop 2647, exit 2654.50 → BUY, target 2654.50, WIN, +1.5 R, +$75 | L4: Current balance | M4: =M2+SUM(J7:J206) -> 10000
A6: Date | B6: Pair | C6: Buy / Sell | D6: Entry | E6: Stop | F6: Target (auto) | G6: Exit | H6: Result | I6: R | J6: $ Profit / Loss | K6: Followed all rules? | L6: Notes
C7: =IF(OR(D7="",E7="",D7=E7),"",IF(E7<D7,"BUY","SELL")) | F7: =IF(C7="","",D7+1.5*(D7-E7)) | H7: =IF(I7="","",IF(I7>0,"WIN",IF(I7<0,"LOSS","BE"))) | I7: =IF(OR(G7="",C7=""),"",ROUND((G7-D7)/(D7-E7),2)) | J7: =IF(I7="","",ROUND(I7*$M$2*$M$3,2))
C8: =IF(OR(D8="",E8="",D8=E8),"",IF(E8<D8,"BUY","SELL")) | F8: =IF(C8="","",D8+1.5*(D8-E8)) | H8: =IF(I8="","",IF(I8>0,"WIN",IF(I8<0,"LOSS","BE"))) | I8: =IF(OR(G8="",C8=""),"",ROUND((G8-D8)/(D8-E8),2)) | J8: =IF(I8="","",ROUND(I8*$M$2*$M$3,2))
C9: =IF(OR(D9="",E9="",D9=E9),"",IF(E9<D9,"BUY","SELL")) | F9: =IF(C9="","",D9+1.5*(D9-E9)) | H9: =IF(I9="","",IF(I9>0,"WIN",IF(I9<0,"LOSS","BE"))) | I9: =IF(OR(G9="",C9=""),"",ROUND((G9-D9)/(D9-E9),2)) | J9: =IF(I9="","",ROUND(I9*$M$2*$M$3,2))
C10: =IF(OR(D10="",E10="",D10=E10),"",IF(E10<D10,"BUY","SELL")) | F10: =IF(C10="","",D10+1.5*(D10-E10)) | H10: =IF(I10="","",IF(I10>0,"WIN",IF(I10<0,"LOSS","BE"))) | I10: =IF(OR(G10="",C10=""),"",ROUND((G10-D10)/(D10-E10),2)) | J10: =IF(I10="","",ROUND(I10*$M$2*$M$3,2))
C11: =IF(OR(D11="",E11="",D11=E11),"",IF(E11<D11,"BUY","SELL")) | F11: =IF(C11="","",D11+1.5*(D11-E11)) | H11: =IF(I11="","",IF(I11>0,"WIN",IF(I11<0,"LOSS","BE"))) | I11: =IF(OR(G11="",C11=""),"",ROUND((G11-D11)/(D11-E11),2)) | J11: =IF(I11="","",ROUND(I11*$M$2*$M$3,2))
C12: =IF(OR(D12="",E12="",D12=E12),"",IF(E12<D12,"BUY","SELL")) | F12: =IF(C12="","",D12+1.5*(D12-E12)) | H12: =IF(I12="","",IF(I12>0,"WIN",IF(I12<0,"LOSS","BE"))) | I12: =IF(OR(G12="",C12=""),"",ROUND((G12-D12)/(D12-E12),2)) | J12: =IF(I12="","",ROUND(I12*$M$2*$M$3,2))
C13: =IF(OR(D13="",E13="",D13=E13),"",IF(E13<D13,"BUY","SELL")) | F13: =IF(C13="","",D13+1.5*(D13-E13)) | H13: =IF(I13="","",IF(I13>0,"WIN",IF(I13<0,"LOSS","BE"))) | I13: =IF(OR(G13="",C13=""),"",ROUND((G13-D13)/(D13-E13),2)) | J13: =IF(I13="","",ROUND(I13*$M$2*$M$3,2))
C14: =IF(OR(D14="",E14="",D14=E14),"",IF(E14<D14,"BUY","SELL")) | F14: =IF(C14="","",D14+1.5*(D14-E14)) | H14: =IF(I14="","",IF(I14>0,"WIN",IF(I14<0,"LOSS","BE"))) | I14: =IF(OR(G14="",C14=""),"",ROUND((G14-D14)/(D14-E14),2)) | J14: =IF(I14="","",ROUND(I14*$M$2*$M$3,2))
C15: =IF(OR(D15="",E15="",D15=E15),"",IF(E15<D15,"BUY","SELL")) | F15: =IF(C15="","",D15+1.5*(D15-E15)) | H15: =IF(I15="","",IF(I15>0,"WIN",IF(I15<0,"LOSS","BE"))) | I15: =IF(OR(G15="",C15=""),"",ROUND((G15-D15)/(D15-E15),2)) | J15: =IF(I15="","",ROUND(I15*$M$2*$M$3,2))
C16: =IF(OR(D16="",E16="",D16=E16),"",IF(E16<D16,"BUY","SELL")) | F16: =IF(C16="","",D16+1.5*(D16-E16)) | H16: =IF(I16="","",IF(I16>0,"WIN",IF(I16<0,"LOSS","BE"))) | I16: =IF(OR(G16="",C16=""),"",ROUND((G16-D16)/(D16-E16),2)) | J16: =IF(I16="","",ROUND(I16*$M$2*$M$3,2))
C17: =IF(OR(D17="",E17="",D17=E17),"",IF(E17<D17,"BUY","SELL")) | F17: =IF(C17="","",D17+1.5*(D17-E17)) | H17: =IF(I17="","",IF(I17>0,"WIN",IF(I17<0,"LOSS","BE"))) | I17: =IF(OR(G17="",C17=""),"",ROUND((G17-D17)/(D17-E17),2)) | J17: =IF(I17="","",ROUND(I17*$M$2*$M$3,2))
C18: =IF(OR(D18="",E18="",D18=E18),"",IF(E18<D18,"BUY","SELL")) | F18: =IF(C18="","",D18+1.5*(D18-E18)) | H18: =IF(I18="","",IF(I18>0,"WIN",IF(I18<0,"LOSS","BE"))) | I18: =IF(OR(G18="",C18=""),"",ROUND((G18-D18)/(D18-E18),2)) | J18: =IF(I18="","",ROUND(I18*$M$2*$M$3,2))
... C206: =IF(OR(D206="",E206="",D206=E206),"",IF(E206<D206,"BUY","SELL")) | F206: =IF(C206="","",D206+1.5*(D206-E206)) | H206: =IF(I206="","",IF(I206>0,"WIN",IF(I206<0,"LOSS","BE"))) | I206: =IF(OR(G206="",C206=""),"",ROUND((G206-D206)/(D206-E206),2)) | J206: =IF(I206="","",ROUND(I206*$M$2*$M$3,2))

Sheet Summary
A1: HOW AM I DOING?
A3: Trades logged | B3: =COUNT('Trade Log'!I7:I206) -> 0
A4: Wins | B4: =COUNTIF('Trade Log'!H7:H206,"WIN") -> 0
A5: Losses | B5: =COUNTIF('Trade Log'!H7:H206,"LOSS") -> 0
A6: Win rate | B6: =IFERROR(B4/B3,0) -> 0
A7: Total R | B7: =SUM('Trade Log'!I7:I206) -> 0
A8: Average R per trade | B8: =IFERROR(B7/B3,0) -> 0
A9: Followed all rules | B9: =IFERROR(COUNTIF('Trade Log'!K7:K206,"Yes")/B3,0) -> 0
A10: Profit / loss ($) | B10: =SUM('Trade Log'!J7:J206) -> 0
A11: Current balance | B11: ='Trade Log'!M4 -> 10000
A13: IS IT WORKING?
A14: =IF(B3<50,"Not enough trades yet: "&B3&" of 50. Keep going.",IF(B9<0.9,"You broke the rules too often. The results don't count yet.",IF(B8>=0.15,"Looks promising. Keep going to 100 trades to be sure.",IF(B8<=0,"Not working as it is. Stop and review.","Too close to call. Keep going to 100 trades.")))) -> Not enough trades yet: 0 of 50. Keep going.
A15: How to read it: with 1.5R targets you need 2 wins out of every 5 trades (40%) just to break even. Average R above 0.15 is good.
A18: WHICH PAIR WORKS BEST?
A19: Pair | B19: Trades | C19: Total R
A20: XAUUSD | B20: =COUNTIFS('Trade Log'!B7:B206,A20,'Trade Log'!I7:I206,">-99") -> 0 | C20: =SUMIF('Trade Log'!B7:B206,A20,'Trade Log'!I7:I206) -> 0
A21: EURUSD | B21: =COUNTIFS('Trade Log'!B7:B206,A21,'Trade Log'!I7:I206,">-99") -> 0 | C21: =SUMIF('Trade Log'!B7:B206,A21,'Trade Log'!I7:I206) -> 0
A22: GBPUSD | B22: =COUNTIFS('Trade Log'!B7:B206,A22,'Trade Log'!I7:I206,">-99") -> 0 | C22: =SUMIF('Trade Log'!B7:B206,A22,'Trade Log'!I7:I206) -> 0
A23: GER40 | B23: =COUNTIFS('Trade Log'!B7:B206,A23,'Trade Log'!I7:I206,">-99") -> 0 | C23: =SUMIF('Trade Log'!B7:B206,A23,'Trade Log'!I7:I206) -> 0
A24: US500 | B24: =COUNTIFS('Trade Log'!B7:B206,A24,'Trade Log'!I7:I206,">-99") -> 0 | C24: =SUMIF('Trade Log'!B7:B206,A24,'Trade Log'!I7:I206) -> 0
A25: US100 | B25: =COUNTIFS('Trade Log'!B7:B206,A25,'Trade Log'!I7:I206,">-99") -> 0 | C25: =SUMIF('Trade Log'!B7:B206,A25,'Trade Log'!I7:I206) -> 0
A26: BTCUSD | B26: =COUNTIFS('Trade Log'!B7:B206,A26,'Trade Log'!I7:I206,">-99") -> 0 | C26: =SUMIF('Trade Log'!B7:B206,A26,'Trade Log'!I7:I206) -> 0
